timestamp,case_id,status,source_path,dest_path,message
2026-02-08 13:50:07,,PARAMETER,,,version=0.1.0
2026-02-08 13:50:07,,PARAMETER,,,timestamp=2026-02-08T13:50:07.891891
2026-02-08 13:50:07,,PARAMETER,,,excel_file=C:\Users\erasm\OneDrive\Documents\Folder-Management-Based-on-Excel List\demo_cases.xlsx
2026-02-08 13:50:07,,PARAMETER,,,source_root=C:\Users\erasm\OneDrive\Documents\Folder-Management-Based-on-Excel List\demo_source
2026-02-08 13:50:07,,PARAMETER,,,dest_root=C:\Users\erasm\OneDrive\Documents\Folder-Management-Based-on-Excel List\demo_dest
2026-02-08 13:50:07,,PARAMETER,,,dry_run=True
2026-02-08 13:50:07,,PARAMETER,,,report=C:\Users\erasm\OneDrive\Documents\Folder-Management-Based-on-Excel List\dryrun_report.csv
2026-02-08 13:50:07,,PARAMETER,,,sheet=(active)
2026-02-08 13:50:07,,PARAMETER,,,matcher=bucket
2026-02-08 13:50:07,,PARAMETER,,,on_dest_exists=rename
2026-02-08 13:50:07,,PARAMETER,,,--- END PARAMETERS ---
2026-02-08 13:50:07,00123,FOUND_DRYRUN,C:\Users\erasm\OneDrive\Documents\Folder-Management-Based-on-Excel List\demo_source\2023\Case_00123_Smith,C:\Users\erasm\OneDrive\Documents\Folder-Management-Based-on-Excel List\demo_dest\Case_00123_Smith,Would move to C:\Users\erasm\OneDrive\Documents\Folder-Management-Based-on-Excel List\demo_dest\Case_00123_Smith
2026-02-08 13:50:07,00456,MULTIPLE_MATCHES,C:\Users\erasm\OneDrive\Documents\Folder-Management-Based-on-Excel List\demo_source\2023\Case_00456_Jones,C:\Users\erasm\OneDrive\Documents\Folder-Management-Based-on-Excel List\demo_dest\Case_00456_Jones,[Multiple matches] Would move to C:\Users\erasm\OneDrive\Documents\Folder-Management-Based-on-Excel List\demo_dest\Case_00456_Jones
2026-02-08 13:50:07,00456,MULTIPLE_MATCHES,C:\Users\erasm\OneDrive\Documents\Folder-Management-Based-on-Excel List\demo_source\Archive\Case_00456_Duplicate,C:\Users\erasm\OneDrive\Documents\Folder-Management-Based-on-Excel List\demo_dest\Case_00456_Duplicate,[Multiple matches] Would move to C:\Users\erasm\OneDrive\Documents\Folder-Management-Based-on-Excel List\demo_dest\Case_00456_Duplicate
2026-02-08 13:50:07,00789,FOUND_DRYRUN,C:\Users\erasm\OneDrive\Documents\Folder-Management-Based-on-Excel List\demo_source\2024\Case_00789_Williams,C:\Users\erasm\OneDrive\Documents\Folder-Management-Based-on-Excel List\demo_dest\Case_00789_Williams,Would move to C:\Users\erasm\OneDrive\Documents\Folder-Management-Based-on-Excel List\demo_dest\Case_00789_Williams
2026-02-08 13:50:07,99999,NOT_FOUND,,,No matching folders found for this CaseID
2026-02-08 13:50:07,88888,NOT_FOUND,,,No matching folders found for this CaseID
